gid,Combined_Probability
다바9314,0.1864946820107708
다바9415,0.18355194447454207
다바8817,0.18305509808220358
다바8915,0.18060897243888233
